question,answer,source
What can I use to treat stomach worms naturally?,Kulunji (black seed) mixed with vinegar can be used to kill stomach worms. It also strengthens the stomach and helps with colds when inhaled.,"Bukhari 5688, Ibn Qayyim – Tibbun Nabawi and Modern Science"
Is there a prophetic treatment for kidney stones?,Idhkhir grass breaks down kidney stones and helps flush them out.,"Bukhari 1834, Ibn Qayyim – Zaadul Ma’aad"
What are the health benefits of onions according to Prophetic medicine?,"Onions dispel toxins, strengthen the stomach, and improve complexion. Avoid raw onions before prayer.","Abu Dawood 3829, Ibn Qayyim – Tibbun Nabawi"
How can I treat blisters or burns at home?,Dhareera (Buchh) applied with a du’aa is used to treat blisters after burns.,Mustadrak 7463 – Tibbun Nabawi
What should I use for treating pimples or skin sores?,Vinegar is effective for cleaning wounds and treating sores.,"Tirmidhi 1841, Ibn Qayyim – Tibbun Nabawi"
Is there a natural way to improve vision and eyelash health?,Ithmid kohl improves vision and lengthens eyelashes.,Ibn Majah 349 – Tibbun Nabawi
What can I apply to improve my hair and skin health?,Oiling the hair and body improves hair growth and makes the skin supple.,"Shamaa’il Tirmidhi, pg.4, Ibn Qayyim – Tibbun Nabawi"
How can I naturally strengthen my liver and body?,Eating fresh dates with cucumber strengthens the liver and boosts energy.,Bukhari 5440 – Tibbun Nabawi
What’s a prophetic remedy for treating fever?,Cool water should be applied for three nights to treat fever.,Mustadrak of Haakim – Tibbun Nabawi
How can I relieve a scorpion sting using prophetic medicine?,Water and salt applied while reciting Surah Falaq and Surah Naas was used by the Prophet ﷺ.,Bayhaqi – Tibbun Nabawi
What should I eat when recovering from an illness and feeling weak?,Beetroot and barley dish was recommended for regaining strength.,Abu Dawood – Tibbun Nabawi
What’s a food that strengthens the heart and soothes grief?,Barley Hareera is known to strengthen the heart and bring comfort.,Ibn Majah – Tibbun Nabawi
Are there benefits of bananas in healing organs?,"Bananas aid healing of chest, lungs, kidneys, and bladder.","Surah Waqi’ah 29, Ibn Qayyim – Tibbun Nabawi"
What remedy is suggested for intestinal cleansing?,Honey mixed with warm water cleanses the intestines and stomach.,Ibn Majah – Tibbun Nabawi
How can I treat mental fatigue and improve memory naturally?,"Inhaling camphor vapors helps alertness and memory, and relieves phlegm.","Surah Dahar 5, Ibn Qayyim – Mu’aalajaatun Nabawi"
What can I use to treat cough that doesn't go away?,Pomegranates strengthen the stomach and help cure long-standing coughs.,"Ahmad 22726, Ibn Qayyim – Tibbun Nabawi"
Is there any food that protects against black magic or poison?,Eating seven dates from Madinah every morning provides protection against poison and black magic.,Bukhari 5769 – Tibbun Nabawi
What is a good natural treatment for tooth and gum health?,"Miswaak strengthens gums, whitens teeth, removes bad breath, and purges phlegm.","Nasa’ee 5, Ibn Qayyim – Tibbun Nabawi"
Which milk is considered most beneficial in prophetic medicine?,Cow’s milk is said to contain a cure for every illness.,Mustadrak 7423 – Tibbun Nabawi
What can I eat to gain strength while recovering from an illness?,A dish of beetroot and barley is recommended for recovery and strength.,Abu Dawood – Tibbun Nabawi
What practice during drinking promotes better digestion?,Drinking in three sips is advised to promote calm and aid digestion.,Muslim – Tibbun Nabawi
How is honey used to treat diarrhea?,The Prophet ﷺ instructed honey repeatedly for a man with diarrhea until he was cured.,Bukhari – Tibbun Nabawi
What is Nabeedh and what are its benefits?,Nabeedh is water soaked with dates overnight; it strengthens the stomach and treats gum ulcers.,Bukhari – Mu’aalajaatun Nabawi
Is there a du’aa to help with insomnia?,A specific du’aa from Tabarani’s Al-Kabeer was recommended by the Prophet ﷺ for insomnia.,Tabarani – Al-Kabeer
Can prophetic medicine treat unconsciousness?,"Yes, verses from Surah Mu’minoon were recited by Hadhrat Abdullaah bin Mas’ood to revive a fainted man.",Surah Mu’minoon 115–118 – Tibbun Nabawi
Is there a cure for fever in Prophetic tradition?,Cool water should be applied to the body for three nights to reduce fever.,Mustadrak of Haakim – Tibbun Nabawi
What food is said to sharpen the intellect?,Marrows are recommended to enhance intellect and strengthen the mind.,Kanzul Ummaal – Tibbun Nabawi
How can I improve my eyesight with Qur’anic verses?,"Surah Qaaf, verse 22 should be recited thrice after salaah, blown on thumbs, and wiped over eyes.",Surah Qaaf 22 – Tibbun Nabawi
Can salaah offer physical and emotional benefits?,"Salaah brings mental peace, energy, and even safeguards physical health.","Surah Baqarah 45, Ibn Qayyim – Zaadul Ma’aad"
Does seeking medical treatment contradict belief in destiny?,"No, the Prophet ﷺ said medical treatment is part of Allaah’s Taqdeer (destiny).",Tirmidhi 2148 – Tibbun Nabawi
