Question Number,Question Text,Model,Agentic Answer Extract
1,What can I use to treat stomach worms naturally?,Llama,Scientific Accuracy: The claim that Black Caraway (Kalonji) oil has properties that expel parasites... is not supported by robust scientific evidence... Vinegar... effectiveness against parasitic infections is largely anecdotal... Safety Considerations... Interactions with medications... Allergic reactions... conventional medical treatments... are generally more effective and safer...
1,What can I use to treat stomach worms naturally?,Mistral,"Scientific accuracy: The claim that black caraway oil and vinegar have antimicrobial and antiparasitic properties is generally supported by scientific evidence... However, there is limited evidence specifically regarding the efficacy of these substances against stomach worms... More research is needed..."
1,What can I use to treat stomach worms naturally?,Qwen,"Scientific Accuracy: The proposed remedy combines two ingredients – vinegar and black caraway seeds' oil... However, there is limited contemporary research directly supporting these specific uses... Vinegar has antimicrobial properties... isn't strong evidence it effectively targets intestinal parasites... Black cumin seed oil... insufficient clinical data confirming efficacy against helminthiasis..."
2,Is there a prophetic treatment for kidney stones?,Llama,Scientific Accuracy: Reciting Surah Al-Baqarah... There is no scientific evidence supporting the claim that reciting specific verses from the Quran has therapeutic effects on kidney stones... Honey and Kalonji oil mixture: ...there is limited scientific research on its efficacy... Safety Considerations: Blowing on water... may potentially spread bacteria...
2,Is there a prophetic treatment for kidney stones?,Mistral,Scientific accuracy: There is currently no scientific evidence supporting the claim that reciting specific verses... can dissolve or pass kidney stones... Kidney stones... cannot be influenced by spiritual practices... delaying conventional medical treatment... could lead to complications...
2,Is there a prophetic treatment for kidney stones?,Qwen,Scientific Accuracy: The proposed methods incorporate elements derived from religious texts... many aspects require critical evaluation... **Surah Al-Baqra Verse No. 74:** There's no direct scientific study linking this verse's instructions to effective treatment... **Remedies Involving Honey and Black Seed Oil:** Claims... often rely on tradition without robust scientific backing...
29,Can salaah offer physical and emotional benefits?,Llama,"Scientific Accuracy: ...regular exercise, including movements involved in prayer, can improve overall fitness... prayer has been shown to reduce stress... However, some claims lack scientific support. The notion that prayer can 'burn extra calories'... is not supported by empirical evidence... claim that prayer can 'stimulate the release of toxins'... is unfounded... Evidence Base: Some claims are supported by limited studies... more high-quality, randomized controlled trials are needed..."
29,Can salaah offer physical and emotional benefits?,Mistral,"Scientific accuracy: The claims regarding the physical benefits of Salah align with... regular physical activity... The claim about Salah influencing the internal organs... is less concrete from a scientific standpoint... emotional benefits... are consistent with existing research... Evidence base: ...physical benefits... are supported by observational evidence, but controlled studies are lacking."
29,Can salaah offer physical and emotional benefits?,Qwen,"Scientific Accuracy: The claim that performing salah can provide substantial physical and psychological health benefits seems largely accurate when considering contemporary knowledge... However, it requires specific clarification... **Weight management:** There isn't direct evidence linking regular prayer specifically to weight loss... **Muscle health:** While there is no study directly correlating prayer movements to muscle health... Evidence Base: While many aspects cited... resonate with established principles... several key assertions lack definitive empirical evidence linking them exclusively to salah alone."
