Question Number,Question Text,Setting,Llama Answer Extract
1,What can I use to treat stomach worms naturally?,No RAG,As a scholar of Prophetic Medicine... Prophet Muhammad (peace be upon him) himself recommended several natural remedies... According to Ibn Qayyim... the Prophet used to recommend treating stomach worms with honey... Another option suggested by scholars is black seed (habbatus sauda)... Olive oil is another natural remedy...
1,What can I use to treat stomach worms naturally?,RAG,"Based on the provided information from ""Tibb-e-Nabawi"" by Dr. Mohammed Shakeel Shamsi, the recommended treatment for stomach worms is: * Mix one spoon of vinegar with half teaspoon of Black Caraway (Kalonji) oil... Continue the treatment for 11 days. (Reference: Point 19). It's essential to note that these treatments are based on traditional Islamic medicine (Tibb an-Nabawi) and might not have been scientifically proven."
1,What can I use to treat stomach worms naturally?,Agentic,"As a medical scientist... Scientific Accuracy: The claim that Black Caraway (Kalonji) oil has properties that expel parasites... is not supported by robust scientific evidence. Vinegar... effectiveness against parasitic infections is largely anecdotal... Safety Considerations: Consuming Black Caraway oil or vinegar... may pose several safety concerns... Interactions with medications... Allergic reactions... conventional medical treatments, such as anthelmintic drugs, are generally more effective and safer..."
2,Is there a prophetic treatment for kidney stones?,No RAG,"Yes, Prophetic Medicine does offer treatments for kidney stones. According to Ibn Qayyim... he mentions that the Prophet (peace be upon him) used to recommend... Honey... Black Seed (Habbatus Sauda)... Olive Oil..."
2,Is there a prophetic treatment for kidney stones?,RAG,"Yes, there are Prophetic treatments mentioned in Islamic medical traditions. The first method involves reciting Surah Al-Baqarah, Verse 74, 41 times... (Reference: ""Cures from the Quran""). Another method involves reciting Surah Ar-Ra'af, Verse 57, 21 times... (Reference: same book). Additionally, there is a Dua mentioned in Tibb-e-Nabawi by Dr. Mohammed Shakeel Shamsi... Consume a mixture of honey and Kalonji oil... It is essential to note that these treatments should be used under the guidance of a qualified healthcare professional..."
2,Is there a prophetic treatment for kidney stones?,Agentic,As a medical scientist... Scientific Accuracy: Reciting Surah Al-Baqarah... There is no scientific evidence supporting the claim that reciting specific verses from the Quran has therapeutic effects on kidney stones... Honey and Kalonji oil mixture: ...there is limited scientific research on its efficacy in treating kidney stones specifically... Safety Considerations: Blowing on water before consumption: This practice may potentially spread bacteria... Kalonji oil may interact with certain medications...
29,Can salaah offer physical and emotional benefits?,No RAG,"Yes, indeed Salaah (prayer) can offer both physical and emotional benefits... From a physical perspective, regular Salaah has been linked to... Improved Cardiovascular Health (Journal of Cardiology and Therapy)... Enhanced Immune Function... Reduced Stress and Anxiety... Emotional benefits... Increase Feelings of Gratitude... Improve Mental Clarity... Foster Spiritual Growth..."
29,Can salaah offer physical and emotional benefits?,RAG,"Yes, salaah (Islamic prayer) can offer numerous physical and emotional benefits, as mentioned in various Hadiths and scholarly works in Prophetic Medicine (Tibb an-Nabawi)... Physically, salaah can: Improve overall fitness... Help in weight management (Ibn Qayyim, Al-Tibb al-Nabawi)... Aid digestion (Ibn Sina, Canon of Medicine)... Emotionally, salaah can: Promote spiritual growth... Reduce stress and anxiety (Ibn Qayyim, Al-Tibb al-Nabawi)..."
29,Can salaah offer physical and emotional benefits?,Agentic,"As a medical scientist... Scientific Accuracy: The answer provides some accurate information... regular exercise, including movements involved in prayer, can improve overall fitness... prayer has been shown to reduce stress and anxiety... However, some claims lack scientific support. The notion that prayer can ""burn extra calories"" and aid in weight management is not supported by empirical evidence... the claim that prayer can ""stimulate the release of toxins stored in muscle tissue"" is unfounded... Safety Considerations: Prayer itself is generally considered safe... However, some individuals may experience adverse effects due to underlying medical conditions..."
